"Package","Version"
"abind","1.4-8"
"AnnotationDbi","1.72.0"
"AnnotationFilter","1.34.0"
"ape","5.8-1"
"aplot","0.2.9"
"aricode","1.0.3"
"askpass","1.2.1"
"assorthead","1.4.0"
"audio","0.1-12"
"babelgene","22.9"
"backports","1.5.1"
"base64enc","0.1-6"
"base64url","1.4"
"basilisk","1.20.0"
"basilisk.utils","1.20.0"
"beachmat","2.26.0"
"beepr","2.0"
"beeswarm","0.4.0"
"BH","1.90.0-1"
"Biobase","2.70.0"
"BiocFileCache","2.16.2"
"BiocGenerics","0.56.0"
"BiocIO","1.20.0"
"BiocManager","1.30.27"
"BiocNeighbors","2.4.0"
"BiocParallel","1.44.0"
"BiocSingular","1.26.0"
"BiocVersion","3.21.1"
"biomaRt","2.64.0"
"Biostrings","2.78.0"
"bit","4.6.0"
"bit64","4.8.0"
"bitops","1.0-9"
"bluster","1.18.0"
"brew","1.0-10"
"broom","1.0.12"
"bslib","0.10.0"
"cachem","1.1.0"
"callr","3.7.6"
"car","3.1-3"
"carData","3.0-5"
"caTools","1.18.3"
"celda","1.24.0"
"cellranger","1.1.0"
"checkmate","2.3.3"
"cigarillo","1.0.0"
"circlize","0.4.17"
"classInt","0.4-11"
"cli","3.6.6"
"clipr","0.8.0"
"clue","0.3-66"
"clustree","0.5.1"
"colorspace","2.1-2"
"combinat","0.0-8"
"commonmark","2.0.0"
"ComplexHeatmap","2.24.1"
"corrplot","0.95"
"cowplot","1.2.0"
"cpp11","0.5.2"
"crayon","1.5.3"
"credentials","2.0.3"
"crosstalk","1.2.2"
"curl","7.1.0"
"data.table","1.18.2.1"
"dbscan","1.2.4"
"ddpcr","1.15.2"
"decontX","1.6.0"
"DelayedArray","0.36.0"
"DelayedMatrixStats","1.32.0"
"deldir","2.0-4"
"dendextend","1.19.1"
"Deriv","4.2.0"
"desc","1.4.3"
"DescTools","0.99.60"
"devtools","2.4.6"
"digest","0.6.39"
"dir.expiry","1.16.0"
"distances","0.1.13"
"distributional","0.5.0"
"doBy","4.7.1"
"doParallel","1.0.17"
"dotCall64","1.2"
"dplyr","1.2.1"
"dqrng","0.4.1"
"DropletUtils","1.28.1"
"DT","0.34.0"
"e1071","1.7-17"
"edgeR","4.8.0"
"enrichR","3.4"
"evaluate","1.0.5"
"Exact","3.3"
"expm","1.0-0"
"farver","2.1.2"
"FastCAR","0.1.0"
"fastDummies","1.7.5"
"fastmap","1.2.0"
"fastmatch","1.1-6"
"filelock","1.0.3"
"fitdistrplus","1.2-4"
"FNN","1.1.4.1"
"fontawesome","0.5.3"
"foreach","1.5.2"
"forecast","8.24.0"
"formatR","1.14"
"fracdiff","1.5-3"
"fs","2.1.0"
"futile.logger","1.4.9"
"futile.options","1.0.1"
"future","1.68.0"
"future.apply","1.20.1"
"gargle","1.6.0"
"generics","0.1.4"
"GenomeInfoDb","1.46.0"
"GenomeInfoDbData","1.2.14"
"GenomicRanges","1.62.0"
"gert","2.3.1"
"GetoptLong","1.1.0"
"ggbeeswarm","0.7.3"
"ggdendro","0.2.0"
"ggforce","0.5.0"
"ggfun","0.2.0"
"ggplot2","4.0.3"
"ggplotify","0.1.3"
"ggpubr","0.6.2"
"ggraph","2.2.2"
"ggrastr","1.0.2"
"ggrepel","0.9.6"
"ggridges","0.5.7"
"ggsci","4.2.0"
"ggsignif","0.6.4"
"ggtree","3.16.3"
"gh","1.5.0"
"gitcreds","0.1.2"
"gld","2.6.8"
"glmGamPoi","1.22.0"
"GlobalOptions","0.1.3"
"glue","1.8.1"
"goftest","1.2-3"
"googledrive","2.1.2"
"googlesheets4","1.1.2"
"gplots","3.3.0"
"gprofiler2","0.2.4"
"graphlayouts","1.2.2"
"gridExtra","2.3"
"gridGraphics","0.5-1"
"grr","0.9.5"
"gtools","3.9.5"
"h5mread","1.0.1"
"harmony","1.2.4"
"HDF5Array","1.38.0"
"hdf5r","1.3.12"
"here","1.0.2"
"hexbin","1.28.5"
"HGC","1.16.0"
"highr","0.12"
"hms","1.1.4"
"homologene","1.4.68.19.3.27"
"htmltools","0.5.9"
"httr2","1.2.2"
"ica","1.0-3"
"igraph","2.3.1"
"ini","0.3.1"
"inline","0.3.21"
"IRanges","2.44.0"
"irlba","2.3.5.1"
"isoband","0.3.0"
"iterators","1.0.14"
"itertools","0.1-3"
"JASPAR2020","0.99.10"
"jquerylib","0.1.4"
"jsonlite","2.0.0"
"kBET","0.99.6"
"KEGGREST","1.50.0"
"kernlab","0.9-33"
"knitr","1.51"
"labeling","0.4.3"
"lambda.r","1.2.4"
"later","1.4.8"
"leiden","0.4.3.1"
"leidenbase","0.1.36"
"limma","3.66.0"
"lisi","1.0"
"listenv","0.10.0"
"litedown","0.9"
"lme4","1.1-38"
"lmom","3.2"
"lmtest","0.9-40"
"locfit","1.5-9.12"
"loo","2.9.0"
"loomR","0.2.0"
"lubridate","1.9.5"
"magrittr","2.0.5"
"markdown","2.0"
"Matrix","1.7-5"
"MatrixGenerics","1.22.0"
"MatrixModels","0.5-4"
"matrixStats","1.5.0"
"mclust","6.1.2"
"MCMCprecision","0.4.2"
"memoise","2.0.1"
"metapod","1.16.0"
"microbenchmark","1.5.0"
"miloR","2.5.1"
"mime","0.13"
"minqa","1.2.8"
"mixtools","2.0.0.1"
"mvtnorm","1.3-3"
"nloptr","2.2.1"
"numDeriv","2016.8-1.1"
"openssl","2.4.0"
"org.Hs.eg.db","3.21.0"
"orthogene","1.14.01"
"otel","0.2.0"
"packrat","0.9.3"
"pak","0.9.5"
"parallelly","1.46.0"
"patchwork","1.3.2"
"pbapply","1.7-4"
"pbkrtest","0.5.5"
"pcaPP","2.0-5"
"pheatmap","1.0.13"
"pillar","1.11.1"
"pkgbuild","1.4.8"
"pkgconfig","2.0.3"
"pkgload","1.5.2"
"plogr","0.2.0"
"plotly","4.11.0"
"plyr","1.8.9"
"polyclip","1.10-7"
"polynom","1.4-1"
"posterior","1.6.1"
"pracma","2.4.6"
"presto","1.0.0"
"prettyunits","1.2.0"
"pROC","1.19.0.1"
"processx","3.9.0"
"prodigenr","0.7.0"
"progressr","0.18.0"
"promises","1.5.0"
"ProtGenerics","1.42.0"
"proxy","0.4-29"
"ps","1.9.3"
"purrr","1.2.2"
"pwalign","1.6.0"
"qlcMatrix","0.9.9"
"quadprog","1.5-8"
"quantmod","0.4.28"
"quantreg","6.1"
"quarto","1.5.1"
"QuickJSR","1.8.1"
"R.cache","0.17.0"
"R.methodsS3","1.8.2"
"R.oo","1.27.1"
"R.utils","2.13.0"
"r3","0.8.3"
"R6","2.6.1"
"RANN","2.6.2"
"rappdirs","0.3.4"
"RColorBrewer","1.1-3"
"Rcpp","1.1.1-1.1"
"RcppAnnoy","0.0.22"
"RcppArmadillo","15.2.3-1"
"RcppEigen","0.3.4.0.2"
"RcppHNSW","0.6.0"
"RcppML","0.3.7"
"RcppParallel","5.1.11-1"
"RcppProgress","0.4.2"
"RcppRoll","0.3.1"
"RCurl","1.98-1.17"
"readr","2.2.0"
"readxl","1.4.5"
"reformulas","0.4.3"
"rematch","2.0.0"
"remotes","2.5.0"
"repmis","0.5.1"
"reshape2","1.4.5"
"restfulr","0.0.16"
"reticulate","1.44.1"
"rhdf5","2.52.1"
"rhdf5filters","1.22.0"
"Rhdf5lib","1.32.0"
"RhpcBLASctl","0.23-42"
"Rhtslib","3.6.0"
"rjson","0.2.23"
"rlang","1.2.0"
"rmarkdown","2.31"
"ROCR","1.0-11"
"rootSolve","1.8.2.4"
"roxygen2","8.0.0"
"rprojroot","2.1.1"
"RSpectra","0.16-2"
"RSQLite","2.4.5"
"rstan","2.32.7"
"rstantools","2.5.0"
"rstatix","0.7.3"
"rstudioapi","0.18.0"
"rsvd","1.0.5"
"Rtsne","0.17"
"s2","1.1.9"
"S4Arrays","1.10.0"
"S4Vectors","0.48.0"
"S7","0.2.2"
"sass","0.4.10"
"ScaledMatrix","1.18.0"
"scater","1.36.0"
"scattermore","1.2"
"scCDC","1.4"
"scran","1.36.0"
"sctransform","0.4.2"
"scuttle","1.18.0"
"secretbase","1.2.2"
"segmented","2.1-4"
"Seqinfo","1.0.0"
"seqLogo","1.76.0"
"Seurat","5.5.0"
"SeuratData","0.2.2.9002"
"SeuratDisk","0.0.0.9021"
"SeuratObject","5.4.0"
"sf","1.0-23"
"shape","1.4.6.1"
"shiny","1.12.1"
"shinyBS","0.63.0"
"shinydashboard","0.7.3"
"shinydisconnect","0.1.1"
"shinyjs","2.1.0"
"SingleCellExperiment","1.32.0"
"SingleR","2.10.0"
"sitmo","2.0.2"
"slam","0.1-55"
"snakecase","0.11.1"
"snow","0.4-4"
"snowflakeauth","0.2.0"
"SoupX","1.6.2"
"sp","2.2-0"
"spam","2.11-1"
"SparseArray","1.10.1"
"SparseM","1.84-2"
"sparseMatrixStats","1.22.0"
"sparsesvd","0.2-3"
"spatstat.data","3.1-9"
"spatstat.explore","3.6-0"
"spatstat.geom","3.6-1"
"spatstat.random","3.4-3"
"spatstat.sparse","3.1-0"
"spatstat.univar","3.1-5"
"spatstat.utils","3.2-0"
"spData","2.3.4"
"spdep","1.4-1"
"StanHeaders","2.32.10"
"statmod","1.5.1"
"stringi","1.8.7"
"stringr","1.6.0"
"styler","1.11.0"
"SummarizedExperiment","1.40.0"
"sys","3.4.3"
"systemfonts","1.3.1"
"tarchetypes","0.14.1"
"targets","1.12.0"
"tensor","1.5.1"
"tensorA","0.36.2.1"
"TFMPvalue","0.0.9"
"tibble","3.3.1"
"tictoc","1.2.1"
"tidygraph","1.3.1"
"tidyr","1.3.2"
"tidyselect","1.2.1"
"tidytree","0.4.6"
"timechange","0.4.0"
"timeDate","4051.111"
"tinytex","0.59"
"treeio","1.32.0"
"tseries","0.10-58"
"TTR","0.24.4"
"tweenr","2.0.3"
"tzdb","0.5.0"
"UCell","2.12.0"
"UCSC.utils","1.6.0"
"units","1.0-0"
"urca","1.3-4"
"usethis","3.2.1"
"utf8","1.2.6"
"uwot","0.2.4"
"vctrs","0.7.3"
"vipor","0.4.7"
"viridis","0.6.5"
"viridisLite","0.4.3"
"vroom","1.7.1"
"webfakes","1.4.0"
"whisker","0.4.1"
"withr","3.0.2"
"wk","0.9.5"
"writexl","1.5.4"
"WriteXLS","6.8.0"
"xfun","0.57"
"xgboost","3.1.2.1"
"XML","3.99-0.20"
"xml2","1.5.2"
"XVector","0.50.0"
"yaml","2.3.12"
"yulab.utils","0.2.3"
"zellkonverter","1.18.0"
"zip","2.3.3"
"zlibbioc","1.54.0"
